,Name,Genre,Main Age Group Target,Male or Female Group Target,Hyperlink,Price
0,AFL Showbag Adelaide Crows 18,Sport,Child,,https://royalshow.com.au/showbags/afl-showbag-adelaide-crows-18/,$25
1,AFL Showbag Brisbane Lions 18,Sport,Child,,https://royalshow.com.au/showbags/afl-showbag-brisbane-lions-18/,$25
2,AFL Showbag Carlton 18,Sport,Child,,https://royalshow.com.au/showbags/afl-showbag-carlton-18/,$25
3,AFL Showbag Collingwood 18,Sport,Child,,https://royalshow.com.au/showbags/afl-showbag-collingwood-18/,$25
4,AFL Showbag Essendon 18,Sport,Child,,https://royalshow.com.au/showbags/afl-showbag-essendon-18/,$25
5,AFL Showbag Fremantle 15,Sport,Child,,https://royalshow.com.au/showbags/afl-showbag-fremantle-15/,$25
6,AFL Showbag Geelong 18,Sport,Child,,https://royalshow.com.au/showbags/afl-showbag-geelong-18/,$25
7,AFL Showbag Gold Coast Suns 12,Sport,Child,,https://royalshow.com.au/showbags/afl-showbag-gold-coast-suns-12/,$25
8,AFL Showbag Hawthorn 18,Sport,Child,,https://royalshow.com.au/showbags/afl-showbag-hawthorn-18/,$25
9,AFL Showbag Port Power 16,Sport,Child,,https://royalshow.com.au/showbags/afl-showbag-port-power-16/,$25
10,AFL Showbag Richmond 18,Sport,Child,,https://royalshow.com.au/showbags/afl-showbag-richmond-18/,$25
11,AFL Showbag West Coast Eagles 18,Sport,Child,,https://royalshow.com.au/showbags/afl-showbag-west-coast-eagles-18/,$25
12,AFL Showbag Western Bulldogs 18,Sport,Child,,https://royalshow.com.au/showbags/afl-showbag-western-bulldogs-18/,$25
13,AFL Team Showbag 18,Sport,Child,,https://royalshow.com.au/showbags/afl-team-showbag-18/,$25
14,ARU Wallabies,Sport,Child,,https://royalshow.com.au/showbags/aru-wallabies/,$25
15,Adventure Time 17,TV Show,Child,,https://royalshow.com.au/showbags/adventure-time-17/,$26
16,Aero Showbag,Confectionery,,,https://royalshow.com.au/showbags/aero-showbag/,$10
17,Aftershocks,Confectionery,,,https://royalshow.com.au/showbags/aftershocks/,$5
18,All American,Snack Food,,,https://royalshow.com.au/showbags/all-american/,$22
19,Allens Lollies Showbag,Confectionery,,,https://royalshow.com.au/showbags/allens-lollies-showbag/,$10
20,Animal Jam,Online,Child,,https://royalshow.com.au/showbags/animal-jam/,$26
21,Army,Toy,Child,Male,https://royalshow.com.au/showbags/army/,$20
22,Army Action,Toy,Child,Male,https://royalshow.com.au/showbags/army-action/,$25
23,Army Jnr Bag,Toy,Child,Male,https://royalshow.com.au/showbags/army-jnr-bag/,$20
24,Arnott's Biscuit Bag,Snack Food,,,https://royalshow.com.au/showbags/arnotts-biscuit-bag/,$13.50
25,"Art, Craft & Cookery Showbag",Craft,Adult,Female,https://royalshow.com.au/showbags/art-craft-cookery-showbag/,$25
26,Assassin's Creed,Video Game,Child,Male,https://royalshow.com.au/showbags/assassins-creed/,$25
27,Athletica Ultimate Fitness Pack,Fitness,Adult,Male,https://royalshow.com.au/showbags/athletica-ultimate-fitness-pack/,$30
28,"Australian Women's Weekly, The",Magazine,Adult,Female,https://royalshow.com.au/showbags/australian-womens-weekly-the/,$16
29,Avengers,Movie,Child,Male,https://royalshow.com.au/showbags/avengers/,$20
30,Avengers Bag,Movie,Child,Male,https://royalshow.com.au/showbags/avengers-bag/,$26
31,BFF-Best Friends Forever,Toy,Child,Female,https://royalshow.com.au/showbags/bff-best-friends-forever/,$26
32,BUBS & TOTS,Baby,Baby,,https://royalshow.com.au/showbags/bubs-tots/,$25
33,Bag of Bubbles,Toy,Child,,https://royalshow.com.au/showbags/bag-of-bubbles/,$15
34,Barbie Dreamtopia,Toy,Child,Female,https://royalshow.com.au/showbags/barbie-dreamtopia/,$26
35,Barbie Fab Life,Toy,Child,Female,https://royalshow.com.au/showbags/barbie-fab-life/,$26
36,Batman,Toy,Child,Male,https://royalshow.com.au/showbags/batman/,$28
37,Batman Bag,Toy,Child,Male,https://royalshow.com.au/showbags/batman-bag/,$20
38,Be Natural Showbag,Snack Food,,,https://royalshow.com.au/showbags/be-natural-showbag/,$10
39,Beef Biltong/Jerky Snapsticks Showbag,Snack Food,,,https://royalshow.com.au/showbags/beef-biltongjerky-snapsticks-showbag/,$40
40,Ben 10,TV Show,Child,Male,https://royalshow.com.au/showbags/ben-10/,$26
41,Bertie Beetle Blue,Confectionery,,,https://royalshow.com.au/showbags/bertie-beetle-blue/,$2
42,Bertie Beetle Bonanza,Confectionery,,,https://royalshow.com.au/showbags/bertie-beetle-bonanza/,$10
43,Bertie Beetle Diamond Deal,Confectionery,,,https://royalshow.com.au/showbags/bertie-beetle-diamond-deal/,$15
44,Bertie Beetle Gold,Confectionery,,,https://royalshow.com.au/showbags/bertie-beetle-gold/,$3
45,Bertie Beetle Platinum,Confectionery,,,https://royalshow.com.au/showbags/bertie-beetle-platinum/,$5
46,Bertie Beetle Triple Deal,Confectionery,,,https://royalshow.com.au/showbags/bertie-beetle-triple-deal/,$6
47,Better Homes & Gardens magazine,Magazine,Adult,Female,https://royalshow.com.au/showbags/better-homes-gardens-magazine/,$15
48,Big Tent BODY Pampering from the Mineral Water Capital of Australia,Spa,Adult,Female,https://royalshow.com.au/showbags/big-tent-body-pampering-from-the-mineral-water-capital-of-australia/,$139
49,Big Tent Foot Pamper Showbag,Spa,Adult,Female,https://royalshow.com.au/showbags/big-tent-foot-pamper-showbag/,$149
50,Big Tent Hepburn Springs Naturals Sample Showbag,Spa,Adult,Female,https://royalshow.com.au/showbags/big-tent-hepburn-springs-naturals-sample-showbag/,$85
51,"Big Tent Mineral Water Beer, Apple Cider and Ginger Beer Showbag",Snack Food,Adult,,https://royalshow.com.au/showbags/big-tent-mineral-water-beer-apple-cider-and-ginger-beer-showbag/,$26
52,Big Tent Pamper Pack from the Mineral Water Capital of Australia,Spa,Adult,Female,https://royalshow.com.au/showbags/big-tent-pamper-pack-from-the-mineral-water-capital-of-australia/,$199
53,Blaze,TV Show,Child,Male,https://royalshow.com.au/showbags/blaze/,$26
54,Brain Licker Showbag,Confectionery,,,https://royalshow.com.au/showbags/brain-licker-showbag/,$10
55,Building Bricks,Toy,Child,,https://royalshow.com.au/showbags/building-bricks/,$22
56,COAST TO COAST Pure Australian Skincare Showbag,Cosmetics,Adult,Female,https://royalshow.com.au/showbags/coast-to-coast-pure-australian-skincare-showbag/,$26
57,CSI,Toy,Child,Male,https://royalshow.com.au/showbags/csi/,$25
58,CWA Showbag,Country Rural,Adult,Female,https://royalshow.com.au/showbags/cwa-showbag/,$25
59,Cadbury Big Bite,Confectionery,,,https://royalshow.com.au/showbags/cadbury-big-bite/,$20
60,Cadbury Dairy Milk,Confectionery,,,https://royalshow.com.au/showbags/cadbury-dairy-milk/,$6
61,Cadbury Dairy Milk Superbag,Confectionery,,,https://royalshow.com.au/showbags/cadbury-dairy-milk-superbag/,$10
62,Cadbury Family Deal,Confectionery,,,https://royalshow.com.au/showbags/cadbury-family-deal/,$20
63,Cadbury Favourites,Confectionery,,,https://royalshow.com.au/showbags/cadbury-favourites/,$20
64,Cadbury Indulgence,Confectionery,,,https://royalshow.com.au/showbags/cadbury-indulgence/,$20
65,Cadbury Special Treats,Confectionery,,,https://royalshow.com.au/showbags/cadbury-special-treats/,$4
66,Candy Craze Super Bag,Confectionery,,,https://royalshow.com.au/showbags/candy-craze-super-bag/,$12.50
67,CandyWorld 6 in 1 Bag,Confectionery,,,https://royalshow.com.au/showbags/candyworld-6-in-1-bag/,$10
68,Captain America,Movie,Child,Male,https://royalshow.com.au/showbags/captain-america/,$28
69,Captain Underpants,Movie,Child,,https://royalshow.com.au/showbags/captain-underpants/,$26
70,Caramello Koala,Confectionery,,,https://royalshow.com.au/showbags/caramello-koala/,$6
71,Caramello Superbag,Confectionery,,,https://royalshow.com.au/showbags/caramello-superbag/,$10
72,Cars 3 Bag,Movie,Child,,https://royalshow.com.au/showbags/cars-3-bag/,$26
73,Cheerleader Bag,Sport,Child,Female,https://royalshow.com.au/showbags/cheerleader-bag/,$28
74,Cherry Ripe,Confectionery,,,https://royalshow.com.au/showbags/cherry-ripe/,$6
75,Cherry Ripe $10,Confectionery,,,https://royalshow.com.au/showbags/cherry-ripe-10/,$10
76,Cherry Ripe Treat,Confectionery,,,https://royalshow.com.au/showbags/cherry-ripe-treat/,$4
77,Chupa Chups,Confectionery,,,https://royalshow.com.au/showbags/chupa-chups/,$5
78,Chupa Chups Megabag,Confectionery,,,https://royalshow.com.au/showbags/chupa-chups-megabag/,$10
79,Comic Collectors Bag 1,Comic,Child,,https://royalshow.com.au/showbags/comic-collectors-bag-1/,$10
80,Comic Collectors Bag 2,Comic,Child,,https://royalshow.com.au/showbags/comic-collectors-bag-2/,$10
81,Cosmopolitan MINKPINK Showbag,Magazine,Teen,Female,https://royalshow.com.au/showbags/cosmopolitan-minkpink-showbag/,$25
82,Crunchie $10,Confectionery,,,https://royalshow.com.au/showbags/crunchie-10/,$10
83,Crunchie $6,Confectionery,,,https://royalshow.com.au/showbags/crunchie-6/,$6
84,Crunchie Treat,Confectionery,,,https://royalshow.com.au/showbags/crunchie-treat/,$4
85,Curly Wurly,Confectionery,,,https://royalshow.com.au/showbags/curly-wurly/,$6
86,DB Cosmetics Beauty Bag,Cosmetics,Adult,Female,https://royalshow.com.au/showbags/db-cosmetics-beauty-bag/,$20
87,DB Girl Cosmetics Beauty Bag,Cosmetics,Teen,Female,https://royalshow.com.au/showbags/db-girl-cosmetics-beauty-bag/,$20
88,DOLLY x ROXY Showbag,Magazine,Teen,Female,https://royalshow.com.au/showbags/dolly-x-roxy-showbag/,$25
89,Darrell Lea Liquorice Bag,Confectionery,,,https://royalshow.com.au/showbags/darrell-lea-liquorice-bag/,$20
90,Darrell Lea Pig Out Bag,Confectionery,,,https://royalshow.com.au/showbags/darrell-lea-pig-out-bag/,$20
91,Darrell Lea Rocklea Road Bag,Confectionery,,,https://royalshow.com.au/showbags/darrell-lea-rocklea-road-bag/,$20
92,Deadpool,Movie,Child,Male,https://royalshow.com.au/showbags/deadpool/,$28
93,Despicable Me 3 Bag,Movie,Child,,https://royalshow.com.au/showbags/despicable-me-3-bag/,$28
94,Despicable Me Beach Towel,Movie,Child,,https://royalshow.com.au/showbags/despicable-me-beach-towel/,$25
95,Dinosaur Rules,Toy,Child,Male,https://royalshow.com.au/showbags/dinosaur-rules/,$20
96,Discovery Kids,Toy,Child,Male,https://royalshow.com.au/showbags/discovery-kids/,$26
97,Disney Princess Bag,Toy,Child,Female,https://royalshow.com.au/showbags/disney-princess-bag/,$28
98,Doctor Who,TV Show,Child,,https://royalshow.com.au/showbags/doctor-who/,$26
99,Dora The Explorer,TV Show,Child,Female,https://royalshow.com.au/showbags/dora-the-explorer/,$26
100,Double Dip,Confectionery,,,https://royalshow.com.au/showbags/double-dip/,$5
101,Dr Seuss,Book,Child,,https://royalshow.com.au/showbags/dr-seuss/,$26
102,Dynamite Bubble Gum,Confectionery,,,https://royalshow.com.au/showbags/dynamite-bubble-gum/,$10
103,ELLE Showbag,Magazine,Teen,Female,https://royalshow.com.au/showbags/elle-showbag/,$25
104,Emma Bag,TV Show,Child,Female,https://royalshow.com.au/showbags/emma-bag/,$26
105,Emoji,Toy,Child,Female,https://royalshow.com.au/showbags/emoji/,$28
106,FC Barcelona Bag,Sport,Child,,https://royalshow.com.au/showbags/fc-barcelona-bag/,$30
107,Fairy Girls,Toy,Child,Female,https://royalshow.com.au/showbags/fairy-girls/,$20
108,Family Farm Bag,Country Rural,Adult,Female,https://royalshow.com.au/showbags/family-farm-bag/,$20
109,Farm World,Toy,Child,,https://royalshow.com.au/showbags/farm-world/,$20
110,Fast & Furious,Movie,Child,Male,https://royalshow.com.au/showbags/fast-furious/,$26
111,Five Nights At Freddy's,Video Game,Child,Male,https://royalshow.com.au/showbags/five-nights-at-freddys/,$26
112,Fizzer,Confectionery,,,https://royalshow.com.au/showbags/fizzer/,$5
113,Flake,Confectionery,,,https://royalshow.com.au/showbags/flake/,$6
114,Freddo,Confectionery,,,https://royalshow.com.au/showbags/freddo/,$6
115,Freddo Family Deal,Confectionery,,,https://royalshow.com.au/showbags/freddo-family-deal/,$20
116,Freddo Special Treats,Confectionery,,,https://royalshow.com.au/showbags/freddo-special-treats/,$4
117,Frozen Elsa Bag,Movie,Child,Female,https://royalshow.com.au/showbags/frozen-elsa-bag/,$28
118,Fruit Tingles Showbag - $5 range,Confectionery,,,https://royalshow.com.au/showbags/fruit-tingles-showbag-5-range/,$5
119,Full O Fizz,Confectionery,,,https://royalshow.com.au/showbags/full-o-fizz/,$5
120,Furry Friends,Confectionery,,,https://royalshow.com.au/showbags/furry-friends/,$6
121,Fyna Licorice $5 Bag,Confectionery,,,https://royalshow.com.au/showbags/fyna-licorice-5-bag/,$5
122,Fyna Licorice Bag,Confectionery,,,https://royalshow.com.au/showbags/fyna-licorice-bag/,$4
123,Fyna Licorice Regular Bag,Confectionery,,,https://royalshow.com.au/showbags/fyna-licorice-regular-bag/,$10
124,Fyna Mega Licorice Bag,Confectionery,,,https://royalshow.com.au/showbags/fyna-mega-licorice-bag/,$15
125,Gag Magic Showbag,Toy,Child,Male,https://royalshow.com.au/showbags/gag-magic-showbag/,$10
126,Garfield,Comic,Child,,https://royalshow.com.au/showbags/garfield/,$28
127,Ghostbusters Plush Showbag,Movie,Child,,https://royalshow.com.au/showbags/ghostbusters-plush-showbag/,$28
128,Ghostbusters T-Shirt Showbag,Movie,Child,,https://royalshow.com.au/showbags/ghostbusters-t-shirt-showbag/,$28
129,Giant Freddo & Friends,Confectionery,,,https://royalshow.com.au/showbags/giant-freddo-friends/,$10
130,Girlfriend magazine,Magazine,Teen,Female,https://royalshow.com.au/showbags/girlfriend-magazine/,$22
131,Girls Only,Toy,Child,Female,https://royalshow.com.au/showbags/girls-only/,$26
132,Girls Rule,Toy,Child,Female,https://royalshow.com.au/showbags/girls-rule/,$26
133,Gloss & Glamour,Cosmetics,Teen,Female,https://royalshow.com.au/showbags/gloss-glamour/,$20
134,Gobstoppers Showbag - $5 Range,Confectionery,,,https://royalshow.com.au/showbags/gobstoppers-showbag-5-range/,$5
135,Grocery Gang,Toy,Child,Male,https://royalshow.com.au/showbags/grocery-gang/,$26
136,Halo,Video Game,Child,Male,https://royalshow.com.au/showbags/halo/,$26
137,Hello Kitty 16B,TV Show,Child,Female,https://royalshow.com.au/showbags/hello-kitty-16b/,$26
138,Hello Kitty 18,TV Show,Child,Female,https://royalshow.com.au/showbags/hello-kitty-18/,$26
139,Higher Living Indulge Your Senses Tea Bag,Snack Food,Adult,,https://royalshow.com.au/showbags/higher-living-indulge-your-senses-tea-bag/,$25
140,Home and Away Showbag,TV Show,Adult,,https://royalshow.com.au/showbags/home-and-away-showbag/,$25
141,Hot Wheels,Toy,Child,Male,https://royalshow.com.au/showbags/hot-wheels/,$26
142,Hubba Bubba,Confectionery,,,https://royalshow.com.au/showbags/hubba-bubba/,$5
143,IT GiRL Fashion Bag,Magazine,Teen,Female,https://royalshow.com.au/showbags/it-girl-fashion-bag/,$20
144,JJ Snacks,Snack Food,,,https://royalshow.com.au/showbags/jj-snacks/,$5
145,JOHN FRIEDA Frizz Ease Showbag,Cosmetics,Adult,Female,https://royalshow.com.au/showbags/john-frieda-frizz-ease-showbag/,$25
146,JOHN FRIEDA Luxurious Volume Showbag,Cosmetics,Adult,Female,https://royalshow.com.au/showbags/john-frieda-luxurious-volume-showbag/,$25
147,Jelly Belly,Confectionery,,,https://royalshow.com.au/showbags/jelly-belly/,$10
148,Jo Jo Bag,Online,Child,Female,https://royalshow.com.au/showbags/jo-jo-bag/,$28
149,Jumbo 150 in 1 Showbag,Confectionery,,,https://royalshow.com.au/showbags/jumbo-150-in-1-showbag/,$10
150,Jumbo Fizz Showbag,Confectionery,,,https://royalshow.com.au/showbags/jumbo-fizz-showbag/,$20
151,Jumbo Ghost Drops,Confectionery,,,https://royalshow.com.au/showbags/jumbo-ghost-drops/,$10
152,Jurassic World Bag,Movie,Child,Male,https://royalshow.com.au/showbags/jurassic-world-bag/,$28
153,Justice League Bag,Movie,Child,Male,https://royalshow.com.au/showbags/justice-league-bag/,$26
154,K-Zone magazine,Magazine,Child,Male,https://royalshow.com.au/showbags/k-zone-magazine/,$15
155,KRASH Coolest Mag On The Planet Bag,Magazine,Child,Male,https://royalshow.com.au/showbags/krash-coolest-mag-on-the-planet-bag/,$22
156,Karate Ninja Deluxe Bag,Toy,Child,Male,https://royalshow.com.au/showbags/karate-ninja-deluxe-bag/,$20
157,Killer Pythons Showbag - $5 Range,Confectionery,,,https://royalshow.com.au/showbags/killer-pythons-showbag-5-range/,$5
158,Kiss and Makeup,Cosmetics,Teen,Female,https://royalshow.com.au/showbags/kiss-and-makeup/,$22
159,Kit Kat Showbag,Confectionery,,,https://royalshow.com.au/showbags/kit-kat-showbag/,$15
160,Kit Kat Showbag - $5 Range,Confectionery,,,https://royalshow.com.au/showbags/kit-kat-showbag-5-range/,$5
161,Ladybug Showbag,Toy,Child,Female,https://royalshow.com.au/showbags/ladybug-showbag/,$15
162,Le Tan Self Tanning Showbag,Cosmetics,Adult,,https://royalshow.com.au/showbags/le-tan-self-tanning-showbag/,$25
163,Licorice Lovers,Confectionery,,,https://royalshow.com.au/showbags/licorice-lovers/,$10
164,Limited Edition Team Footy Showbags,Sport,Child,,https://royalshow.com.au/showbags/limited-edition-team-footy-showbags/,$49
165,Lion Guard Bag,Movie,Child,,https://royalshow.com.au/showbags/lion-guard-bag/,$26
166,Little Aussie Firefighter Bag,Toy,Child,Male,https://royalshow.com.au/showbags/little-aussie-firefighter-bag/,$20
167,Little Aussie Tradies Bag,Toy,Child,Male,https://royalshow.com.au/showbags/little-aussie-tradies-bag/,$20
168,Littlest Pet Shop Bag,Toy,Child,Female,https://royalshow.com.au/showbags/littlest-pet-shop-bag/,$28
169,Looney Tunes Bag,TV Show,Child,,https://royalshow.com.au/showbags/looney-tunes-bag/,$26
170,Love to Dance Bag,Toy,Child,Female,https://royalshow.com.au/showbags/love-to-dance-bag/,$26
171,Luxury soy candles showbag,Candle,Adult,Female,https://royalshow.com.au/showbags/luxury-soy-candles-showbag/,$60
172,M&M'S Super Bag,Confectionery,,,https://royalshow.com.au/showbags/mms-super-bag/,$10
173,M&M's $5 Bag,Confectionery,,,https://royalshow.com.au/showbags/mms-5-bag/,$5
174,M&M's Bag,Confectionery,,,https://royalshow.com.au/showbags/mms-bag/,$4
175,MADMIA,Toy,Child,Female,https://royalshow.com.au/showbags/madmia/,$15
176,Mad Science,Toy,Child,Male,https://royalshow.com.au/showbags/mad-science/,$25
177,Maltesers $5 Bag,Confectionery,,,https://royalshow.com.au/showbags/maltesers-5-bag/,$5
178,Maltesers Bag,Confectionery,,,https://royalshow.com.au/showbags/maltesers-bag/,$4
179,Maltesers Super Bag,Confectionery,,,https://royalshow.com.au/showbags/maltesers-super-bag/,$10
180,Marie Claire magazine,Magazine,Adult,Female,https://royalshow.com.au/showbags/marie-claire-magazine/,$30
181,Mars $5 Bag,Confectionery,,,https://royalshow.com.au/showbags/mars-5-bag/,$5
182,Mars Bag,Confectionery,,,https://royalshow.com.au/showbags/mars-bag/,$4
183,Mars Super Bag,Confectionery,,,https://royalshow.com.au/showbags/mars-super-bag/,$10
184,Marvellous Creations $10,Confectionery,,,https://royalshow.com.au/showbags/marvellous-creations-10/,$10
185,Marvellous Creations $20,Confectionery,,,https://royalshow.com.au/showbags/marvellous-creations-20/,$20
186,Marvellous Creations $6,Confectionery,,,https://royalshow.com.au/showbags/marvellous-creations-6/,$6
187,Mega Bubblegum,Confectionery,,,https://royalshow.com.au/showbags/mega-bubblegum/,$5
188,Mega Builder,Toy,Child,Male,https://royalshow.com.au/showbags/mega-builder/,$25
189,Mega Candy,Confectionery,,,https://royalshow.com.au/showbags/mega-candy/,$10
190,Mega Cars,Toy,Child,Male,https://royalshow.com.au/showbags/mega-cars/,$28
191,Mega Chef,Toy,Child,,https://royalshow.com.au/showbags/mega-chef/,$26
192,Mega Combat,Toy,Child,Male,https://royalshow.com.au/showbags/mega-combat/,$28
193,Mega Cop,Toy,Child,Male,https://royalshow.com.au/showbags/mega-cop/,$28
194,Mega Doctor,Toy,Child,,https://royalshow.com.au/showbags/mega-doctor/,$26
195,Mega Dolls,Toy,Child,Female,https://royalshow.com.au/showbags/mega-dolls/,$28
196,Mega Fairy,Toy,Child,Female,https://royalshow.com.au/showbags/mega-fairy/,$25
197,Mega Fireman,Toy,Child,Male,https://royalshow.com.au/showbags/mega-fireman/,$25
198,Mega Fizz,Confectionery,,,https://royalshow.com.au/showbags/mega-fizz/,$10
199,Mega Fizzers,Confectionery,,,https://royalshow.com.au/showbags/mega-fizzers/,$5
200,Mega Ghostdrops,Confectionery,,,https://royalshow.com.au/showbags/mega-ghostdrops/,$5
201,Mega Glamour,Toy,Child,Female,https://royalshow.com.au/showbags/mega-glamour/,$25
202,Mega Horror,Toy,Child,,https://royalshow.com.au/showbags/mega-horror/,$25
203,Mega Mafia,Toy,Child,Male,https://royalshow.com.au/showbags/mega-mafia/,$28
204,Mega Moron,Toy,Child,Male,https://royalshow.com.au/showbags/mega-moron/,$30
205,Mega Ninja Warrior,Toy,Child,Male,https://royalshow.com.au/showbags/mega-ninja-warrior/,$26
206,Mega Nurse,Toy,Child,Female,https://royalshow.com.au/showbags/mega-nurse/,$26
207,Mega Pirate,Toy,Child,Male,https://royalshow.com.au/showbags/mega-pirate/,$25
208,Mega Pony,Toy,Child,Female,https://royalshow.com.au/showbags/mega-pony/,$26
209,Mega Princess,Toy,Child,Female,https://royalshow.com.au/showbags/mega-princess/,$25
210,Mega Showbag,Toy,Child,Male,https://royalshow.com.au/showbags/mega-showbag/,$25
211,Mega Swat,Toy,Child,Male,https://royalshow.com.au/showbags/mega-swat/,$28
212,Mega Sword & Sorcery,Toy,Child,Male,https://royalshow.com.au/showbags/mega-sword-sorcery/,$25
213,Mega Tots,Baby,Baby,,https://royalshow.com.au/showbags/mega-tots/,$26
214,Mega Train,Toy,Child,Male,https://royalshow.com.au/showbags/mega-train/,$26
215,Mega Western,Toy,Child,Male,https://royalshow.com.au/showbags/mega-western/,$25
216,Mega Wicked Sours,Confectionery,,,https://royalshow.com.au/showbags/mega-wicked-sours/,$10
217,Melbourne City,Sport,Child,,https://royalshow.com.au/showbags/melbourne-city/,$28
218,Melbourne Victory,Sport,Child,,https://royalshow.com.au/showbags/melbourne-victory/,$28
219,Men's Health magazine,Magazine,Adult,Male,https://royalshow.com.au/showbags/mens-health-magazine/,$25
220,Men's Style Showbag,Magazine,Adult,Male,https://royalshow.com.au/showbags/mens-style-showbag/,$28
221,Mentos $10,Confectionery,,,https://royalshow.com.au/showbags/mentos-10/,$10
222,Mentos $5,Confectionery,,,https://royalshow.com.au/showbags/mentos-5/,$5
223,Milky Bar Showbag,Confectionery,,,https://royalshow.com.au/showbags/milky-bar-showbag/,$15
224,Milky Bar Showbag - $5 Range,Confectionery,,,https://royalshow.com.au/showbags/milky-bar-showbag-5-range/,$5
225,Milky Way $5 Bag,Confectionery,,,https://royalshow.com.au/showbags/milky-way-5-bag/,$5
226,Mini Fragrance Showbag,Candle,Adult,Female,https://royalshow.com.au/showbags/mini-fragrance-showbag/,$30
227,Minions Movie,Movie,Child,,https://royalshow.com.au/showbags/minions-movie/,$25
228,Minties Showbag,Confectionery,,,https://royalshow.com.au/showbags/minties-showbag/,$10
229,Miss Coco Showbag,Fashion,Teen,Female,https://royalshow.com.au/showbags/miss-coco-showbag/,$28
230,Mister Maker,Craft,Child,,https://royalshow.com.au/showbags/mister-maker/,$26
231,ModelCo Cosmetics Showbag,Cosmetics,Adult,Female,https://royalshow.com.au/showbags/modelco-cosmetics-showbag/,$28
232,ModelCo Self-Tanning Showbag,Cosmetics,Adult,Female,https://royalshow.com.au/showbags/modelco-self-tanning-showbag/,$15
233,Monopoly,Toy,Child,,https://royalshow.com.au/showbags/monopoly/,$20
234,Monster 100 in 1 Showbag,Toy,Child,Male,https://royalshow.com.au/showbags/monster-100-in-1-showbag/,$10
235,Monster High 17,TV Show,Child,Female,https://royalshow.com.au/showbags/monster-high-17/,$26
236,Monster Jam,Toy,Child,Male,https://royalshow.com.au/showbags/monster-jam/,$25
237,Monster Wheels Showbag,Toy,Child,Male,https://royalshow.com.au/showbags/monster-wheels-showbag/,$40
238,Mr Strong,Book,Child,,https://royalshow.com.au/showbags/mr-strong/,$10
239,My Dress-Up Box Showbag,Toy,Child,Female,https://royalshow.com.au/showbags/my-dress-up-box-showbag/,$30
240,My Fairy Friends Showbag,Toy,Child,Female,https://royalshow.com.au/showbags/my-fairy-friends-showbag/,$30
241,My Kitchen Rules Showbag,TV Show,Adult,,https://royalshow.com.au/showbags/my-kitchen-rules-showbag/,$20
242,My Little Pony Bag,TV Show,Child,Female,https://royalshow.com.au/showbags/my-little-pony-bag/,$28
243,NRL - Melbourne Storm,Sport,Child,,https://royalshow.com.au/showbags/nrl-melbourne-storm/,$25
244,NRL SOO NSW,Sport,Child,,https://royalshow.com.au/showbags/nrl-soo-nsw/,$25
245,NRL SOO QLD,Sport,Child,,https://royalshow.com.au/showbags/nrl-soo-qld/,$25
246,NUTS ABOUT LIFE SHOWBAG,Snack Food,,,https://royalshow.com.au/showbags/nuts-about-life-showbag/,$25
247,Nerds Showbag - $5 Range,Confectionery,,,https://royalshow.com.au/showbags/nerds-showbag-5-range/,$5
248,Nerf,Toy,Child,Male,https://royalshow.com.au/showbags/nerf/,$28
249,Ninja,Toy,Child,Male,https://royalshow.com.au/showbags/ninja/,$20
250,Ninja Power,Toy,Child,Male,https://royalshow.com.au/showbags/ninja-power/,$20
251,Nobby's Nuts Bag,Snack Food,,,https://royalshow.com.au/showbags/nobbys-nuts-bag/,$12
252,Num Noms,Toy,Child,Female,https://royalshow.com.au/showbags/num-noms/,$28
253,Octonauts,TV Show,Child,,https://royalshow.com.au/showbags/octonauts/,$26
254,Old Style Licorice,Confectionery,,,https://royalshow.com.au/showbags/old-style-licorice/,$10
255,Oreo,Snack Food,,,https://royalshow.com.au/showbags/oreo/,$10
256,Paris Hilton Fragrance Showbag,Cosmetics,Teen,Female,https://royalshow.com.au/showbags/paris-hilton-fragrance-showbag/,$25
257,Paw Patrol,TV Show,Child,,https://royalshow.com.au/showbags/paw-patrol/,$28
258,Paw Patrol Skye,TV Show,Child,,https://royalshow.com.au/showbags/paw-patrol-skye/,$28
259,Peanuts,TV Show,Child,,https://royalshow.com.au/showbags/peanuts/,$25
260,Peppa Pig,TV Show,Child,,https://royalshow.com.au/showbags/peppa-pig/,$28
261,Peter Rabbit,TV Show,Child,,https://royalshow.com.au/showbags/peter-rabbit/,$26
262,Picnic,Confectionery,,,https://royalshow.com.au/showbags/picnic/,$6
263,Pirates Bag,Toy,Child,Male,https://royalshow.com.au/showbags/pirates-bag/,$20
264,Play-Doh,Toy,Child,,https://royalshow.com.au/showbags/play-doh/,$25
265,Pokemon 18A,TV Show,Child,,https://royalshow.com.au/showbags/pokemon-18a/,$28
266,Pokemon 18B,TV Show,Child,,https://royalshow.com.au/showbags/pokemon-18b/,$28
267,Police Action Squad,Toy,Child,Male,https://royalshow.com.au/showbags/police-action-squad/,$20
268,Pop-bite's Carnival,Toy,Child,,https://royalshow.com.au/showbags/pop-bites-carnival/,$20
269,Power Puff Girls,TV Show,Child,Female,https://royalshow.com.au/showbags/power-puff-girls/,$26
270,Pretty Pony,Toy,Child,Female,https://royalshow.com.au/showbags/pretty-pony/,$22
271,Puppy Love,Toy,Child,Female,https://royalshow.com.au/showbags/puppy-love/,$20
272,Rainbow Freeze,Toy,Child,,https://royalshow.com.au/showbags/rainbow-freeze/,$5
273,Red Rock Deli Regular Bag,Snack Food,,,https://royalshow.com.au/showbags/red-rock-deli-regular-bag/,$5
274,Redskins Showbag - $5 Range,Confectionery,,,https://royalshow.com.au/showbags/redskins-showbag-5-range/,$5
275,Rick & Morty,TV Show,Child,Male,https://royalshow.com.au/showbags/rick-morty/,$28
276,Rip Snorter - Little Ripper Bag,Confectionery,,,https://royalshow.com.au/showbags/rip-snorter-little-ripper-bag/,$4
277,Rip Snorter Brain Blasters Bag,Confectionery,,,https://royalshow.com.au/showbags/rip-snorter-brain-blasters-bag/,$4
278,Rip Snorter Brain Blasters Super Bag,Confectionery,,,https://royalshow.com.au/showbags/rip-snorter-brain-blasters-super-bag/,$5
279,Rip Snorter Extreme Sour Bag,Confectionery,,,https://royalshow.com.au/showbags/rip-snorter-extreme-sour-bag/,$4
280,Rip Snorter Super Bag,Confectionery,,,https://royalshow.com.au/showbags/rip-snorter-super-bag/,$5
281,Rude Dudes,Toy,Child,Male,https://royalshow.com.au/showbags/rude-dudes/,$10
282,S.W.A.T.Jnr Bag,Toy,Child,Male,https://royalshow.com.au/showbags/swatjnr-bag/,$20
283,SKITTLES Bag,Confectionery,,,https://royalshow.com.au/showbags/skittles-bag/,$5
284,SKITTLES Family Bag,Confectionery,,,https://royalshow.com.au/showbags/skittles-family-bag/,$16.50
285,SKITTLES Super Bag,Confectionery,,,https://royalshow.com.au/showbags/skittles-super-bag/,$10
286,Scooby Doo Super Bag,TV Show,Child,,https://royalshow.com.au/showbags/scooby-doo-super-bag/,$26
287,Secret Life of Pets,Movie,Child,,https://royalshow.com.au/showbags/secret-life-of-pets/,$26
288,Sesame Street,TV Show,Child,,https://royalshow.com.au/showbags/sesame-street/,$26
289,Sewing Star Showbag,Toy,Child,Female,https://royalshow.com.au/showbags/sewing-star-showbag/,$30
290,Shapes Showbag,Snack Food,,,https://royalshow.com.au/showbags/shapes-showbag/,$10
291,Sherbet Pops & Fizz,Confectionery,,,https://royalshow.com.au/showbags/sherbet-pops-fizz/,$5
292,Shopkins 18,Toy,Child,Female,https://royalshow.com.au/showbags/shopkins-18/,$28
293,Showbuster Showbag,Confectionery,,,https://royalshow.com.au/showbags/showbuster-showbag/,$20
294,Skylanders Superchargers,Video Game,Child,Male,https://royalshow.com.au/showbags/skylanders-superchargers/,$10
295,Slime Bag,Toy,Child,Male,https://royalshow.com.au/showbags/slime-bag/,$10
296,Smarties,Confectionery,,,https://royalshow.com.au/showbags/smarties/,$15
297,Smarties Showbag - $5 Range,Confectionery,,,https://royalshow.com.au/showbags/smarties-showbag-5-range/,$5
298,Smiths Regular Bag,Snack Food,,,https://royalshow.com.au/showbags/smiths-regular-bag/,$5
299,Snakes Alive Showbag,Confectionery,,,https://royalshow.com.au/showbags/snakes-alive-showbag/,$15
300,Snickers $5 Bag,Confectionery,,,https://royalshow.com.au/showbags/snickers-5-bag/,$5
301,Snickers Super Bag,Confectionery,,,https://royalshow.com.au/showbags/snickers-super-bag/,$10
302,Socceroos,Sport,Child,,https://royalshow.com.au/showbags/socceroos/,$26
303,Sour Blast Showbag,Confectionery,,,https://royalshow.com.au/showbags/sour-blast-showbag/,$20
304,Space Adventures Bag,Toy,Child,Male,https://royalshow.com.au/showbags/space-adventures-bag/,$20
305,Spiderman,Movie,Child,Male,https://royalshow.com.au/showbags/spiderman/,$28
306,Spiderman Bag,Movie,Child,Male,https://royalshow.com.au/showbags/spiderman-bag/,$20
307,Spirit State Ultimate Fitness Pack,Fitness,Adult,Female,https://royalshow.com.au/showbags/spirit-state-ultimate-fitness-pack/,$30
308,Sprinkles Unicorn Bag,Toy,Child,Female,https://royalshow.com.au/showbags/sprinkles-unicorn-bag/,$28
309,Star Trek,TV Show,Child,Male,https://royalshow.com.au/showbags/star-trek/,$28
310,Star Wars EP7 Bag,Movie,Child,,https://royalshow.com.au/showbags/star-wars-ep7-bag/,$30
311,Star Wars Force Awakens,Movie,Child,,https://royalshow.com.au/showbags/star-wars-force-awakens/,$28
312,Star Wars New Hope,Movie,Child,,https://royalshow.com.au/showbags/star-wars-new-hope/,$28
313,Starburst Family Sharing Bag,Confectionery,,,https://royalshow.com.au/showbags/starburst-family-sharing-bag/,$16.50
314,Startburst Sucks Bag,Confectionery,,,https://royalshow.com.au/showbags/startburst-sucks-bag/,$4
315,Stella Athletic Showbag,Fitness,Teen,Female,https://royalshow.com.au/showbags/stella-athletic-showbag/,$28
316,Sukin Pamper Pack Oil Balancing Range,Cosmetics,Adult,Female,https://royalshow.com.au/showbags/sukin-pamper-pack-oil-balancing-range/,$25
317,Sukin Pamper Pack Signature Range,Cosmetics,Adult,Female,https://royalshow.com.au/showbags/sukin-pamper-pack-signature-range/,$25
318,Sukin Pamper Pack Super Greens Range,Cosmetics,Adult,Female,https://royalshow.com.au/showbags/sukin-pamper-pack-super-greens-range/,$25
319,Super Club Team Footy Showbag,Sport,Child,,https://royalshow.com.au/showbags/super-club-team-footy-showbag/,$39
320,Super Wheels,Toy,Child,Male,https://royalshow.com.au/showbags/super-wheels/,$15
321,TMNT,TV Show,Child,Male,https://royalshow.com.au/showbags/tmnt/,$26
322,TNT KA Bluey $10,Confectionery,,,https://royalshow.com.au/showbags/tnt-ka-bluey-10/,$10
323,TNT KA Bluey $5,Confectionery,,,https://royalshow.com.au/showbags/tnt-ka-bluey-5/,$5
324,Tattoo You,Toy,Child,Male,https://royalshow.com.au/showbags/tattoo-you/,$10
325,Teletubbies Showbag,TV Show,Baby,,https://royalshow.com.au/showbags/teletubbies-showbag/,$26
326,The BIG Nestle Family Deal,Confectionery,,,https://royalshow.com.au/showbags/the-big-nestle-family-deal/,$20
327,The BIG Wonka Showbag,Confectionery,,,https://royalshow.com.au/showbags/the-big-wonka-showbag/,$20
328,The Big Deal,Confectionery,,,https://royalshow.com.au/showbags/the-big-deal/,$25
329,The Greatest Showbag On Earth,Confectionery,,,https://royalshow.com.au/showbags/the-greatest-showbag-on-earth/,$25
330,The Melbourne Rock Candy Company Value Bag,Confectionery,,,https://royalshow.com.au/showbags/the-melbourne-rock-candy-company-value-bag/,$10
331,The Natural Confectionery Company Showbag,Confectionery,,,https://royalshow.com.au/showbags/the-natural-confectionery-company-showbag/,$10
332,The Original Idiot,Toy,Child,Male,https://royalshow.com.au/showbags/the-original-idiot/,$25
333,The Wiggles Bag,TV Show,Child,,https://royalshow.com.au/showbags/the-wiggles-bag/,$20
334,Thomas The Tank Engine,TV Show,Child,Male,https://royalshow.com.au/showbags/thomas-the-tank-engine/,$26
335,Thunderbirds,TV Show,Child,Male,https://royalshow.com.au/showbags/thunderbirds/,$26
336,Tim Tam Showbag,Snack Food,,,https://royalshow.com.au/showbags/tim-tam-showbag/,$16
337,Tiny Teddy Showbag,Snack Food,,,https://royalshow.com.au/showbags/tiny-teddy-showbag/,$15
338,Tokidoki,Toy,Child,Female,https://royalshow.com.au/showbags/tokidoki/,$26
339,Tonal Deluxe Club Team Footy Showbag,Sport,Child,,https://royalshow.com.au/showbags/tonal-deluxe-club-team-footy-showbag/,$39
340,Toolman Showbag,Toy,Child,Male,https://royalshow.com.au/showbags/toolman-showbag/,$22
341,Total Girl magazine,Magazine,Teen,Female,https://royalshow.com.au/showbags/total-girl-magazine/,$16
342,Trolli,Confectionery,,,https://royalshow.com.au/showbags/trolli/,$5
343,Trolli Superbag,Confectionery,,,https://royalshow.com.au/showbags/trolli-superbag/,$10
344,Trolls Bag,Confectionery,,,https://royalshow.com.au/showbags/trolls-bag/,$28
345,Turkish Delight,Confectionery,,,https://royalshow.com.au/showbags/turkish-delight/,$6
346,Tweety Bag,Toy,Child,Female,https://royalshow.com.au/showbags/tweety-bag/,$26
347,Twirl,Confectionery,,,https://royalshow.com.au/showbags/twirl/,$6
348,Twisties Regular Bag,Snack Food,,,https://royalshow.com.au/showbags/twisties-regular-bag/,$5
349,Twix Bag,Confectionery,,,https://royalshow.com.au/showbags/twix-bag/,$5
350,Twozies,Toy,Child,Female,https://royalshow.com.au/showbags/twozies/,$26
351,Ultimate Magic Showbag,Toy,Child,Male,https://royalshow.com.au/showbags/ultimate-magic-showbag/,$22
352,Uncle John's Licorice Lovers Value Bag,Confectionery,,,https://royalshow.com.au/showbags/uncle-johns-licorice-lovers-value-bag/,$10
353,Unicorn,Toy,Child,Female,https://royalshow.com.au/showbags/unicorn/,$26
354,Violet Crumble Showbag,Confectionery,,,https://royalshow.com.au/showbags/violet-crumble-showbag/,$10
355,WE Bare Bears,TV Show,Child,,https://royalshow.com.au/showbags/we-bare-bears/,$26
356,WWE,TV Show,Child,Male,https://royalshow.com.au/showbags/wwe/,$26
357,Wagon Wheel Showbag,Confectionery,,,https://royalshow.com.au/showbags/wagon-wheel-showbag/,$8
358,Warheads,Confectionery,,,https://royalshow.com.au/showbags/warheads/,$5
359,Warheads Jumbo,Confectionery,,,https://royalshow.com.au/showbags/warheads-jumbo/,$10
360,Warning Extreme Sour,Confectionery,,,https://royalshow.com.au/showbags/warning-extreme-sour/,$10
361,Warning Raging Sour,Confectionery,,,https://royalshow.com.au/showbags/warning-raging-sour/,$5
362,White Glo Beauty & Travel Bag,Cosmetics,Adult,Female,https://royalshow.com.au/showbags/white-glo-beauty-travel-bag/,$25
363,Wicked Fizz,Confectionery,,,https://royalshow.com.au/showbags/wicked-fizz/,$5
364,Wicked Fizz Giant,Confectionery,,,https://royalshow.com.au/showbags/wicked-fizz-giant/,$10
365,Wild West,Toy,Child,Male,https://royalshow.com.au/showbags/wild-west/,$22
366,Wizz Fizz Lil Fizz Bag,Confectionery,,,https://royalshow.com.au/showbags/wizz-fizz-lil-fizz-bag/,$4
367,Wizz Fizz Mega Fizz Bag,Confectionery,,,https://royalshow.com.au/showbags/wizz-fizz-mega-fizz-bag/,$15
368,Wizz Fizz Super Fizz Bag,Confectionery,,,https://royalshow.com.au/showbags/wizz-fizz-super-fizz-bag/,$5
369,Women's Health magazine,Magazine,Adult,Female,https://royalshow.com.au/showbags/womens-health-magazine/,$25
370,Wonder Woman,Movie,Child,Female,https://royalshow.com.au/showbags/wonder-woman/,$28
371,Wonka Showbag,Confectionery,,,https://royalshow.com.au/showbags/wonka-showbag/,$12
372,Worlds Biggest Jumbo,Confectionery,,,https://royalshow.com.au/showbags/worlds-biggest-jumbo/,$20
373,Wrigley Extra,Confectionery,,,https://royalshow.com.au/showbags/wrigley-extra/,$5
374,Yo Kai Watch Bag,TV Show,Child,Male,https://royalshow.com.au/showbags/yo-kai-watch-bag/,$20
375,Young Designers Collective Fashion Bag,Fashion,Teen,Female,https://royalshow.com.au/showbags/young-designers-collective-fashion-bag/,$25
376,Yupi - Gummi Bears,Confectionery,,,https://royalshow.com.au/showbags/yupi-gummi-bears/,$5
377,Zappo Chews,Confectionery,,,https://royalshow.com.au/showbags/zappo-chews/,$5
378,Zappomungus,Confectionery,,,https://royalshow.com.au/showbags/zappomungus/,$10
379,Zombie Chews,Confectionery,,,https://royalshow.com.au/showbags/zombie-chews/,$5
